"Timepoint","Group","Fish","Flowspeed","Avg_YPosition [px]","Distance [px]","Activity [%]","Flow-Adjusted Activity [%]","Efficiency","Swimming Against Flow [%]","Flow-Adjusted Swimming Against Flow [%]","Burst Duration [frames]","Burst Frequency [bursts/min]","Burst Amplitude [pixels]","Time in Y-Quadrant 1 [%]","Time in Y-Quadrant 2 [%]","Time in Y-Quadrant 3 [%]","Time in Y-Quadrant 4 [%]"
"6","DoubleHets","6_D_1","0 cps",1325.6894935,42711.0196786351,35.8940176637227,35.8940176637227,41.1475222647377,13.164472587902,NA,12.5396825396825,12.5979003499417,202.954880748766,21.0166666666667,3.06666666666667,11.7833333333333,64.1333333333333
"6","DoubleHets","6_D_1","10 cps",752.243669833333,58439.2142193562,42.0833333333333,31.7333333333333,9.6830620733585,17.0333333333333,30.75,7.92248062015504,25.8,188.790375725212,53.2666666666667,4.05,9.53333333333333,33.15
"6","DoubleHets","6_D_1","20 cps",1313.90388101983,61274.6493669771,40.2766205632395,72.5879020163306,28.1738602569525,16.0639893351108,72.5379103482753,5.73809523809524,33.5944009331778,168.313839867797,12.9311781369772,3.38276953841026,31.3947675387435,52.291284785869
"6","DoubleHets","6_D_10","0 cps",949.744360666667,42505.6917221069,30.3616063989335,30.3616063989335,33.1992026937169,10.1649725045826,NA,9.53125,12.797867022163,175.258819719576,32.35,4.36666666666667,6.83333333333333,56.45
"6","DoubleHets","6_D_10","10 cps",1228.34723066667,65697.9354404454,60.5666666666667,48.35,21.073180491957,22.9,47.55,7.54395604395604,36.4,149.469405856391,30.2166666666667,3.86666666666667,6.85,59.0666666666667
"6","DoubleHets","6_D_10","20 cps",1348.21301433094,33774.4695627986,21.5630728211965,71.154807532078,10.0421778647691,7.98200299950008,71.0381603066156,5.63529411764706,16.9971671388102,168.997663365348,66.1889685052491,12.2146308948509,5.69905015830695,15.8973504415931
"6","DoubleHets","6_D_2","0 cps",1187.9204835,40924.1196036905,30.6448925179137,30.6448925179137,19.0665399170282,12.7145475754041,NA,17.3409090909091,8.79853357773704,312.139834783006,47.1166666666667,7.28333333333333,10.5166666666667,35.0833333333333
"6","DoubleHets","6_D_2","10 cps",1176.63267483333,88877.6816914153,68.9166666666667,63.65,30.3303940060973,27.9166666666667,62.1333333333333,6.78137651821862,49.4,152.580256217242,0.4,2.26666666666667,13.6166666666667,83.7166666666667
"6","DoubleHets","6_D_2","20 cps",582.38237493751,63217.7722655407,39.9600066655557,40.8431928011998,11.8245284151419,15.7307115480753,40.8098650224963,5.61904761904762,33.5944009331778,165.012511054192,43.7927012164639,4.18263622729545,17.8636893851025,34.1609731711381
"6","DoubleHets","6_D_3","0 cps",883.335361,38311.7854081198,35.3774370938177,35.3774370938177,49.2882376663523,11.8980169971671,NA,8.70731707317073,16.3972671221463,124.383594060665,12.0333333333333,10.65,25.5166666666667,51.8
"6","DoubleHets","6_D_3","10 cps",1641.85721183333,40417.5466282432,33.5166666666667,25.1333333333333,5.59966646737589,13.5833333333333,24.2166666666667,7.40909090909091,22,147.272730231176,69.9666666666667,6.36666666666667,7.23333333333333,16.4333333333333
"6","DoubleHets","6_D_3","20 cps",864.592588735211,82353.3606313119,58.356940509915,75.3541076487252,30.9974068207178,22.8795200799867,75.2541243126146,5.34241245136187,51.3914347608732,133.032683447412,0,0,30.3449425095817,69.6550574904183
"6","DoubleHets","6_D_4","0 cps",1374.1617025,33413.2618770799,25.0291618063656,25.0291618063656,54.4328851445515,8.31528078653558,NA,7.796875,12.797867022163,128.932421129121,22.5833333333333,6.16666666666667,4.23333333333333,67.0166666666667
"6","DoubleHets","6_D_4","10 cps",475.736040833333,44446.601058774,35.95,39.7,21.6234578901971,12.9666666666667,39.5333333333333,4.98717948717949,31.2,104.332650669929,45.05,0.466666666666667,2.2,52.2833333333333
"6","DoubleHets","6_D_4","20 cps",1597.72983402766,43814.5679741848,29.3784369271788,57.3904349275121,13.8247953218489,12.2479586735544,57.3071154807532,5.65384615384615,25.9956673887685,154.991707269841,37.427095484086,20.5965672387935,26.2122979503416,15.7640393267789
"6","DoubleHets","6_D_5","0 cps",1348.62160966667,42726.4632250295,19.7800366605566,19.7800366605566,21.1250793057367,8.33194467588735,NA,10.8695652173913,9.19846692217964,424.454284756589,38.6166666666667,3.3,40.9166666666667,17.1666666666667
"6","DoubleHets","6_D_5","10 cps",980.351572833333,167405.73599046,76.05,50.2,6.75659872212488,30.9333333333333,44.3333333333333,7.93162393162393,46.8,298.105954503925,29.55,8.4,24.9833333333333,37.0666666666667
"6","DoubleHets","6_D_5","20 cps",778.284931344776,229509.764751747,72.1546408931845,65.8890184969172,8.56900222971714,31.4780869855024,62.9395100816531,6.03514376996805,62.5895684052658,247.731407374456,7.79870021663056,7.29878353607732,26.0789868355274,58.8235294117647
"6","DoubleHets","6_D_6","0 cps",950.052590166667,36614.0139558323,15.0974837527079,15.0974837527079,5.29380887481883,6.14897517080487,NA,13.6666666666667,5.399100149975,535.063555746224,73.4,22.2166666666667,2.58333333333333,1.8
"6","DoubleHets","6_D_6","10 cps",1063.5287405,138110.702631988,78.7833333333333,57.3333333333333,13.6024066689548,31.3666666666667,51.5833333333333,8.87735849056604,42.4,278.585926872007,12.65,7.93333333333333,18.15,61.2666666666667
"6","DoubleHets","6_D_6","20 cps",1402.38000766539,268843.886790156,70.5215797367105,63.606065655724,6.976987948066,30.1616397267122,60.2232961173138,5.48484848484848,65.9890018330278,265.641820710928,8.7652057990335,7.46542242959507,26.1789701716381,57.5904015997334
"6","DoubleHets","6_D_7","0 cps",440.258551333333,41729.166574639,23.7793701049825,23.7793701049825,30.2426948577722,9.99833361106482,NA,14.975,7.99866688885186,450.984491053727,16.0666666666667,6.53333333333333,37.5,39.9
"6","DoubleHets","6_D_7","10 cps",1370.63413883333,180332.791041579,79.2666666666667,59.8833333333333,9.50215616133154,34.1833333333333,52.7166666666667,8.65400843881856,47.4,322.816335570782,14.3666666666667,7.31666666666667,27.15,51.1666666666667
"6","DoubleHets","6_D_7","20 cps",1369.56947908682,259994.048306517,70.8381936343943,64.9558406932178,7.57597053304567,31.8113647725379,61.8396933844359,5.965625,63.9893351108149,309.843538765504,6.38226962172971,6.24895850691551,30.2616230628229,57.1071488085319
"6","DoubleHets","6_D_8","0 cps",1123.38882466667,31556.6219085991,13.5310781536411,13.5310781536411,58.7091664551052,6.06565572404599,NA,14,5.19913347775371,458.972576722855,11.8166666666667,9.93333333333333,39,39.25
"6","DoubleHets","6_D_8","10 cps",1309.02648616667,159463.566129495,78.95,55.75,12.0712702028899,32.7166666666667,50.9666666666667,8.76339285714286,44.8,288.432833070598,9.81666666666667,7.61666666666667,24.6666666666667,57.9
"6","DoubleHets","6_D_8","20 cps",1403.46259256791,230160.876099397,71.0214964172638,62.6562239626729,7.94252068509873,31.4780869855024,59.5900683219463,5.72424242424242,65.9890018330278,219.200432471243,11.6980503249458,7.54874187635394,23.8960173304449,56.8571904682553
"6","DoubleHets","6_D_9","0 cps",1361.1256255,34723.191504593,13.3811031494751,13.3811031494751,25.9772881331723,5.84902516247292,NA,7.46808510638298,9.39843359440093,287.471524432977,41.85,10.45,13.5333333333333,34.1666666666667
"6","DoubleHets","6_D_9","10 cps",1387.41767116667,171490.300908615,76.8333333333333,55.5166666666667,8.7983804978598,30.1666666666667,49.1166666666667,7.73504273504274,46.8,314.745292797396,18.75,10.3333333333333,20.3833333333333,50.5333333333333
"6","DoubleHets","6_D_9","20 cps",1352.05677370438,237238.38849803,71.6047325445759,60.873187802033,7.66182211706612,31.3281119813364,58.3402766205632,5.83850931677019,64.3892684552575,257.909485196676,10.3149475087485,7.21546408931845,30.0449925012498,52.4245959006832
"6","DoubleMutants","6_A_1","0 cps",1281.66998566667,108526.721327813,69.1718046992168,69.1718046992168,15.1361612334806,31.9613397767039,NA,32.5084745762712,11.7980336610565,882.537207742066,13.9666666666667,15.8,19.6666666666667,50.5666666666667
"6","DoubleMutants","6_A_1","10 cps",1378.381144,127567.194931702,83.1833333333333,62.1,14.8935984612027,34.45,56.05,8.87124463519313,46.6,261.009249632879,4.28333333333333,11.5,37.8166666666667,46.4
"6","DoubleMutants","6_A_1","20 cps",1272.66970388269,139169.271723224,89.4350941509748,60.3066155640727,11.6382600492589,37.4437593734378,59.3401099816697,7.41584158415842,60.5899016830528,216.092253158928,10.281619730045,12.6645559073488,36.1439760039993,40.9098483586069
"6","DoubleMutants","6_A_10","0 cps",750.643488,96693.9490673596,60.8398600233294,60.8398600233294,14.8652440308892,28.0453257790368,NA,25.8923076923077,12.9978336943843,677.563099572087,20.8833333333333,14.2,19.1,45.8166666666667
"6","DoubleMutants","6_A_10","10 cps",1482.6487295,105336.861433781,77.0833333333333,62.1,21.7833507345527,30.4333333333333,58.25,8.11555555555556,45,210.630625174369,3.66666666666667,4.73333333333333,26.2833333333333,65.3166666666667
"6","DoubleMutants","6_A_10","20 cps",1371.85659590068,122548.216265544,86.6022329611731,65.0724879186802,15.7693779081261,35.1274787535411,64.4059323446092,7.31944444444444,57.5904015997334,197.978741690507,4.43259456757207,8.54857523746042,38.5602399600067,48.4585902349608
"6","DoubleMutants","6_A_2","0 cps",1198.9074815,120357.083263507,73.6377270454924,73.6377270454924,11.9006281729024,33.4444259290118,NA,29.0869565217391,13.7977003832695,816.193989342009,16.2166666666667,16.05,27.6833333333333,40.05
"6","DoubleMutants","6_A_2","10 cps",1514.79034783333,120691.430494444,82.45,61.7833333333333,15.7972456805559,33.8166666666667,56.6,8.34979423868313,48.6,235.472908627792,4.56666666666667,12.8833333333333,33.7333333333333,48.8166666666667
"6","DoubleMutants","6_A_2","20 cps",1390.1471628062,123033.211270268,87.5854024329279,63.5727378770205,15.3151391043322,34.0443259456757,63.2227962006332,7.45620437956204,54.7908681886352,197.158945527453,3.99933344442593,12.1146475587402,35.0774870854857,48.8085319113481
"6","DoubleMutants","6_A_3","0 cps",1196.79776733333,119482.367801622,79.1534744209298,79.1534744209298,11.9529590963473,35.2607898683553,NA,28.986301369863,14.5975670721546,744.046520069277,16.9333333333333,16.95,28.6666666666667,37.45
"6","DoubleMutants","6_A_3","10 cps",1380.79403933333,111099.432652343,72.8333333333333,68.3333333333333,20.0402993219854,29.6333333333333,61.5833333333333,8.00900900900901,44.4,223.542777729759,6.31666666666667,6.43333333333333,22.2333333333333,65.0166666666667
"6","DoubleMutants","6_A_3","20 cps",1372.68741709715,127783.002647301,88.8018663556074,60.0733211131478,12.2745093622224,35.2441259790035,59.7733711048159,7.89179104477612,53.5910681553074,214.81814646798,7.78203632727879,20.7465422429595,32.1613064489252,39.3101149808365
"6","DoubleMutants","6_A_4","0 cps",1195.0597705,112946.523633314,71.9380103316114,71.9380103316114,14.8367679063748,31.8113647725379,NA,22.4588235294118,16.9971671388102,611.593014145427,11.75,18.1,21.3,48.85
"6","DoubleMutants","6_A_4","10 cps",1492.13467383333,107951.619493842,80.9166666666667,61.45,19.3166424456129,33.35,55.9333333333333,8.97309417040359,44.6,226.806839504336,5.23333333333333,9.18333333333333,26.3,59.2833333333333
"6","DoubleMutants","6_A_4","20 cps",1252.38718546909,122575.73379468,89.6183969338444,62.0063322779537,13.2835036535951,35.7440426595567,61.5564072654558,7.66071428571429,55.990668221963,198.537589276166,7.36543909348442,13.6143976003999,42.2262956173971,36.7938676887185
"6","DoubleMutants","6_A_5","0 cps",1294.512015,178848.194106334,74.1043159473421,74.1043159473421,3.18236268352353,35.0941509748375,NA,17.6974789915966,23.7960339943343,720.434546062617,50.95,15.3333333333333,11.5833333333333,22.1333333333333
"6","DoubleMutants","6_A_5","10 cps",1444.04391733333,162317.359691209,82.4666666666667,61.3,13.9466531651363,34.3666666666667,54.4,8.21115537848606,50.2,299.367465185582,5.16666666666667,4.71666666666667,23.85,66.2666666666667
"6","DoubleMutants","6_A_5","20 cps",1276.02320029995,172296.078988531,87.7353774370938,61.2064655890685,11.496024107288,38.1436427262123,59.7733711048159,7.68120805369128,59.5900683219463,274.876602919921,4.46592234627562,8.89851691384769,35.060823196134,51.5747375437427
"6","DoubleMutants","6_A_6","0 cps",754.426814833333,161054.629550311,67.9886685552408,67.9886685552408,3.9174955611431,33.5944009331778,NA,18.3272727272727,21.9963339443426,707.123675283847,48.0833333333333,13.8833333333333,13.4333333333333,24.6
"6","DoubleMutants","6_A_6","10 cps",1504.587624,173240.223475307,82.4166666666667,64.4333333333333,12.3761632959296,35.45,56.8333333333333,8.30859375,51.2,318.08482867404,6.61666666666667,5.53333333333333,24.6666666666667,63.1833333333333
"6","DoubleMutants","6_A_6","20 cps",1407.38050208299,170432.784386634,89.0018330278287,58.7068821863023,11.7306495035317,39.6933844359273,57.3571071488085,7.99328859060403,59.5900683219463,274.588228043295,2.81619730044993,7.1154807532078,42.7928678553574,47.2754540909848
"6","DoubleMutants","6_A_7","0 cps",794.3115235,159317.825598818,73.52107982003,73.52107982003,3.57664498676526,34.2609565072488,NA,18.5225225225225,22.1963006165639,676.642146443735,48.9166666666667,16.7333333333333,12.1666666666667,22.1833333333333
"6","DoubleMutants","6_A_7","10 cps",1464.25725033333,173527.273676088,83.35,62.3666666666667,11.9613136702562,35.5666666666667,54.5666666666667,9.1587982832618,46.6,352.759109328035,6.25,6.81666666666667,26.95,59.9833333333333
"6","DoubleMutants","6_A_7","20 cps",1413.96154740877,180611.292261131,87.5187468755207,60.4732544575904,11.3919623606801,39.3101149808365,58.7068821863023,7.83720930232558,60.1899683386102,285.183474481489,2.98283619396767,7.08215297450425,36.6938843526079,53.2411264789202
"6","DoubleMutants","6_A_8","0 cps",754.8664135,168598.030440408,74.8208631894684,74.8208631894684,3.24251351260663,34.9941676387269,NA,17.7966101694915,23.596067322113,663.867449601869,49.0666666666667,17.4166666666667,12.9333333333333,20.5833333333333
"6","DoubleMutants","6_A_8","10 cps",1440.69918816667,153130.695769581,82.9666666666667,58.75,14.4943695636946,33.3166666666667,53.65,7.77821011673152,51.4,278.304264474539,5.11666666666667,5.71666666666667,24.85,64.3166666666667
"6","DoubleMutants","6_A_8","20 cps",1434.40476970505,187785.655798284,88.3686052324613,61.3564405932345,10.9418436320332,39.8100316613898,58.7568738543576,8.04377104377104,59.390101649725,305.020390352383,3.51608065322446,6.89885019163473,36.2606232294618,53.3244459256791
"6","DoubleMutants","6_A_9","0 cps",739.379058333333,174681.076903693,70.2882852857857,70.2882852857857,3.22568223224008,33.6443926012331,NA,16.9663865546218,23.7960339943343,687.047248830488,49.4333333333333,15.6833333333333,12.9666666666667,21.9166666666667
"6","DoubleMutants","6_A_9","10 cps",1489.8096845,163873.885470439,82.9666666666667,61.5666666666667,13.414262124666,33.7,55.35,8.18623481781377,49.4,307.859796158133,5.95,6.63333333333333,21.8,65.6166666666667
"6","DoubleMutants","6_A_9","20 cps",1433.42990134978,177096.304825608,88.6185635727379,60.7065489085152,10.626932739051,38.1436427262123,58.8401933011165,7.52960526315789,60.7898683552741,279.326511899871,4.19930011664723,11.3814364272621,37.3771038160307,47.04215964006
"6","Syt11aSingleMutants","6_B_1","0 cps",873.4556535,112478.308626835,83.4194300949842,83.4194300949842,6.78286140630225,39.0768205299117,NA,21.9158878504673,21.3964339276787,478.003031610788,29.4,29.9666666666667,26.35,14.2833333333333
"6","Syt11aSingleMutants","6_B_1","10 cps",760.905294,86476.1708763179,80.85,53.9,6.69521858530606,31.4333333333333,51.7,8.69124423963134,43.4,179.058469837938,35.55,35.2833333333333,20.25,8.91666666666667
"6","Syt11aSingleMutants","6_B_1","20 cps",978.770494250958,120595.884485855,90.8181969671721,52.9245125812365,7.94381735745407,37.3437760373271,52.8245292451258,9.53617021276596,46.9921679720047,245.774056938902,15.0474920846526,33.6443926012331,39.1768038660223,12.131311448092
"6","Syt11aSingleMutants","6_B_10","0 cps",1352.54235116667,116381.150250773,84.7192134644226,84.7192134644226,7.60668263874961,42.1763039493418,NA,25.5656565656566,19.7967005499083,560.579555310274,23.95,30.7833333333333,27.6333333333333,17.6333333333333
"6","Syt11aSingleMutants","6_B_10","10 cps",648.8562075,93475.920632003,84.5166666666667,51.4333333333333,4.92462995042616,32.35,49.15,8.47598253275109,45.8,186.054529553941,42.65,34.7666666666667,17.0666666666667,5.51666666666667
"6","Syt11aSingleMutants","6_B_10","20 cps",613.43126512248,109250.775335354,85.5524079320113,60.0733211131478,16.4322815944985,35.3941009831695,59.6233961006499,7.34948096885813,57.7903682719547,167.025267291003,7.83202799533411,10.9648391934678,30.5782369605066,50.6248958506916
"6","Syt11aSingleMutants","6_B_2","0 cps",940.890256666667,121245.276022618,85.0691551408099,85.0691551408099,7.38689050187587,42.0596567238794,NA,28.0444444444444,17.9970004999167,622.068081554265,22.3333333333333,32.5833333333333,28.0166666666667,17.0666666666667
"6","Syt11aSingleMutants","6_B_2","10 cps",678.479416333333,85352.0523426626,81.0333333333333,56.1,11.7810709316463,32.0833333333333,54.6333333333333,8.59375,44.8,171.519058089309,21.4333333333333,26.75,27.6833333333333,24.1333333333333
"6","Syt11aSingleMutants","6_B_2","20 cps",1339.86548008665,118924.710451744,85.9523412764539,58.4902516247292,13.0137341524911,35.944009331778,57.9736710548242,8.29615384615385,51.9913347775371,217.103148801461,13.5644059323446,13.6143976003999,29.2784535910682,43.5427428761873
"6","Syt11aSingleMutants","6_B_3","0 cps",946.374966833333,112223.186514189,85.1524745875687,85.1524745875687,8.94919304151316,41.9263456090652,NA,25.9381443298969,19.3967672054658,547.200401495961,21.5166666666667,26.9833333333333,30.7166666666667,20.7833333333333
"6","Syt11aSingleMutants","6_B_3","10 cps",1002.7654675,99955.1085754681,83.9166666666667,59.9666666666667,17.9739976529682,34.8,56.7833333333333,8.73221757322176,47.8,195.276482265308,4.18333333333333,12,39.4333333333333,44.3833333333333
"6","Syt11aSingleMutants","6_B_3","20 cps",1244.0476542243,104011.555202894,77.7703716047325,47.1588068655224,5.59178306491019,30.8115314114314,46.8255290784869,6.60357142857143,55.990668221963,159.113587861046,47.04215964006,12.8145309115147,21.229795034161,18.9135144142643
"6","Syt11aSingleMutants","6_B_4","0 cps",1002.15116616667,108471.846528551,82.769538410265,82.769538410265,7.83946886233249,38.7268788535244,NA,24.989247311828,18.5969005165806,540.001945271019,25.1666666666667,30.8333333333333,27.6166666666667,16.3833333333333
"6","Syt11aSingleMutants","6_B_4","10 cps",1340.370429,85743.3204351604,80.95,55.4,11.6159305101694,31.95,53.8,8.19230769230769,46.8,159.799390366756,21.1666666666667,25.9166666666667,35.2833333333333,17.6333333333333
"6","Syt11aSingleMutants","6_B_4","20 cps",762.63362956174,105872.430671449,80.9698383602733,44.6425595734044,7.68435431168752,30.3782702882853,44.5925679053491,6.72693726937269,54.1909681719713,169.239573389098,38.0103316113981,9.89835027495417,24.6458923512748,27.4454257623729
"6","Syt11aSingleMutants","6_B_5","0 cps",922.150564333333,33304.7386773849,27.6120646558907,27.6120646558907,31.67541473908,12.2979503416097,NA,16.0434782608696,9.19846692217964,232.523550591314,22.6166666666667,28.2166666666667,15.3,33.8666666666667
"6","Syt11aSingleMutants","6_B_5","10 cps",997.992210333333,100916.54887674,72.7166666666667,47.1666666666667,8.00452958975322,27.7,44.9166666666667,10.5859872611465,31.4,285.893003158675,33.6666666666667,17.7,26.9833333333333,21.65
"6","Syt11aSingleMutants","6_B_5","20 cps",901.976312947842,73754.127963467,39.2934510914848,58.0403266122313,13.7324077462053,13.7477087152141,57.7570404932511,7.23684210526316,22.7962006332278,318.016954728371,31.4780869855024,6.58223629395101,21.0131644725879,40.9265122479587
"6","Syt11aSingleMutants","6_B_6","0 cps",1027.10340783333,42608.0692814706,41.7430428261956,41.7430428261956,22.8024470150962,17.230461589735,NA,20.2745098039216,10.1983002832861,343.917222250462,26.35,21.3333333333333,28.5166666666667,23.8
"6","Syt11aSingleMutants","6_B_6","10 cps",898.771106333333,108453.406248145,75.65,46.9166666666667,10.5149484728804,27.25,45.4833333333333,10.21875,32,317.365152828262,23.9333333333333,14.75,28.75,32.5666666666667
"6","Syt11aSingleMutants","6_B_6","20 cps",1006.39046008999,77715.7552235906,33.5444092651225,48.9085152474588,6.18038330461175,12.0313281119813,48.0086652224629,8.29885057471264,17.3971004832528,429.847032519807,58.2902849525079,6.48225295784036,9.21513081153141,26.0123312781203
"6","Syt11aSingleMutants","6_B_7","0 cps",985.681613,37748.3564034585,40.5099150141643,40.5099150141643,26.1621825259118,17.1471421429762,NA,14.2916666666667,14.3976003999333,182.849048374054,16.3833333333333,33.6666666666667,33.0666666666667,16.8833333333333
"6","Syt11aSingleMutants","6_B_7","10 cps",1067.886688,77530.9865959523,56.4333333333333,32.95,3.37485673614357,19.7666666666667,31.5166666666667,7.7516339869281,30.6,216.323013748253,61.65,14.45,15.8166666666667,8.08333333333333
"6","Syt11aSingleMutants","6_B_7","20 cps",693.046287118814,70207.9935941599,42.3596067322113,18.3636060656557,2.0809672712766,13.7310448258624,18.2636227295451,6.98305084745763,23.596067322113,260.852663001276,76.4872521246459,5.81569738376937,9.615064155974,8.08198633561073
"6","Syt11aSingleMutants","6_B_8","0 cps",993.7702905,26023.2017187285,20.0799866688885,20.0799866688885,9.0756189110993,6.61556407265456,NA,9.02272727272727,8.79853357773704,128.465617597508,58.05,31.1166666666667,1.65,9.18333333333333
"6","Syt11aSingleMutants","6_B_8","10 cps",511.5231885,84600.1961623079,58.15,39.5166666666667,3.76687897045948,21.1333333333333,37.25,8.39735099337748,30.2,242.981695641894,61.2333333333333,12.15,14.8333333333333,11.7833333333333
"6","Syt11aSingleMutants","6_B_8","20 cps",382.230999333444,66543.7828504132,38.610231628062,39.0268288618564,7.02487114631149,13.1478086985502,38.610231628062,6.74358974358974,23.3961006498917,263.314304812326,53.5077487085486,12.281286452258,11.5480753207799,22.6628895184136
"6","Syt11aSingleMutants","6_B_9","0 cps",485.980104166667,23582.8094844243,20.9631728045326,20.9631728045326,77.5722168687196,7.48208631894684,NA,13.2058823529412,6.79886685552408,177.456614612484,7.1,19.4,21.8333333333333,51.6666666666667
"6","Syt11aSingleMutants","6_B_9","10 cps",564.5163415,81255.5161018435,58.35,34.25,5.18136365638974,22.0333333333333,32.8333333333333,9.18055555555556,28.8,258.274298293632,52.5333333333333,13.6,19.1666666666667,14.7
"6","Syt11aSingleMutants","6_B_9","20 cps",683.711562072988,69665.9615423826,36.5105815697384,47.4920846525579,5.40146017794985,13.8810198300283,46.9088485252458,7.4375,22.3962672887852,286.051667849862,50.0249958340277,20.5132477920347,16.2972837860357,13.164472587902
"6","Syt11bSingleMutants","6_C_1","0 cps",1390.8001755,25346.0861031972,16.4472587902016,16.4472587902016,76.3165216237008,6.09898350274954,NA,11.4375,6.39893351108149,112.09821976897,2.3,18.7666666666667,31.85,47.0833333333333
"6","Syt11bSingleMutants","6_C_1","10 cps",1543.26456383333,20726.6293426178,10.25,90.1,114.908481963661,3.03333333333333,89.4,8.66666666666667,4.2,97.9600735086105,0.85,2.78333333333333,37.7166666666667,58.65
"6","Syt11bSingleMutants","6_C_1","20 cps",1286.78339043493,18204.2049917341,8.39860023329445,95.0174970838194,90.9576383396612,2.36627228795201,94.5675720713215,8.35294117647059,3.39943342776204,154.157290719799,6.96550574904183,13.4477587068822,51.0248291951341,28.5619063489418
"6","Syt11bSingleMutants","6_C_2","0 cps",942.323301,26430.6846494886,14.6142309615064,14.6142309615064,33.596299732051,4.89918346942176,NA,10.5,5.5990668221963,160.788350053373,20.7333333333333,39.5166666666667,20.1166666666667,19.6333333333333
"6","Syt11bSingleMutants","6_C_2","10 cps",946.811868833333,20956.5929728405,13.6166666666667,76.85,42.7766439003449,6.75,76.35,15,5.4,119.585824254067,37.1166666666667,16.3666666666667,19.05,27.4666666666667
"6","Syt11bSingleMutants","6_C_2","20 cps",1399.61137843693,19656.0369827795,12.8645225795701,97.5504082652891,99.6595606920308,6.34894184302616,97.2004665889018,15.24,4.99916680553241,148.192092675546,7.248791868022,18.6135644059323,21.7797033827695,52.3579403432761
"6","Syt11bSingleMutants","6_C_3","0 cps",780.610007333333,22027.8298646321,14.9141809698384,14.9141809698384,27.6628241317281,4.29928345275787,NA,9.55555555555556,5.399100149975,98.7719806474284,42.9833333333333,25.2166666666667,13.4833333333333,18.3166666666667
"6","Syt11bSingleMutants","6_C_3","10 cps",937.0474835,21641.5626673254,15.7,78.4666666666667,40.5727626896085,6.1,77.8333333333333,11.0909090909091,6.6,127.387116330252,23.0166666666667,29.0333333333333,33.5666666666667,14.3833333333333
"6","Syt11bSingleMutants","6_C_3","20 cps",1187.51605632395,16945.9556375944,6.56557240459923,90.6015664055991,83.2171648613715,1.43309448425262,90.3516080653225,4.77777777777778,3.59940009998334,53.4989127521768,12.8311948008665,15.8640226628895,38.0103316113981,33.2944509248459
"6","Wildtype","6_E_1","0 cps",1219.53205883333,102921.894705124,51.8246958840193,51.8246958840193,14.4503601180617,23.962672887852,NA,21.1470588235294,13.5977337110482,702.209122189445,19.2333333333333,16.8333333333333,17.55,46.3833333333333
"6","Wildtype","6_E_1","10 cps",1246.435797,208590.082880042,39.7333333333333,69.3833333333333,7.44811150459384,12.9333333333333,62.3333333333333,4.51162790697674,34.4,243.6101195767,14.2666666666667,7.28333333333333,36.6666666666667,41.7833333333333
"6","Wildtype","6_E_1","20 cps",1381.12195217464,85383.480382683,23.7793701049825,85.1691384769205,22.3403618384892,8.96517247125479,83.3194467588735,4.23622047244094,25.3957673721046,247.349255105017,6.29895017497084,8.46525579070155,31.8446925512415,53.3911014830862
"6","Wildtype","6_E_2","0 cps",1097.99506333333,88067.8499523821,45.8923512747875,45.8923512747875,13.6893674565262,19.7300449925012,NA,14.6172839506173,16.197300449925,487.056101185944,28.4666666666667,10.7166666666667,26.3166666666667,34.5166666666667
"6","Wildtype","6_E_2","10 cps",1393.79010233333,209260.361880982,39.0333333333333,75.5166666666667,9.28341532003685,12.8,68,4.62650602409639,33.2,318.179498648349,9.08333333333333,5.11666666666667,26.5333333333333,59.2666666666667
"6","Wildtype","6_E_2","20 cps",1362.70281803033,91024.6266511135,23.8626895517414,84.7192134644226,20.4006216623694,8.21529745042493,83.2694550908182,4.44144144144144,22.1963006165639,258.608044356278,6.01566405599067,8.26528911848025,43.2094650891518,42.5095817363773
"6","Wildtype","6_E_3","0 cps",1504.61415483333,69091.7110325718,36.1773037827029,36.1773037827029,32.7660687670273,15.9640059990002,NA,16.5172413793103,11.5980669888352,526.166154187041,3.78333333333333,4.48333333333333,31.7666666666667,59.9666666666667
"6","Wildtype","6_E_3","10 cps",1026.5897925,164904.119092701,38.5333333333333,57.45,6.39090525975735,14.8833333333333,51.85,5.25294117647059,34,321.220029056451,29.45,7.9,26.8,35.85
"6","Wildtype","6_E_3","20 cps",335.72987952008,48385.8794440515,19.7967005499083,22.7962006332278,2.32949268046061,3.56607232127979,21.896350608232,4.86363636363636,8.79853357773704,265.506491338445,74.9875020829862,6.18230294950841,10.3149475087485,8.51524745875687
"6","Wildtype","6_E_4","0 cps",1376.84339616667,84654.1231072043,45.9923346108982,45.9923346108982,22.3934483990471,19.8466922179637,NA,20.5344827586207,11.5980669888352,646.72511502786,11.5166666666667,12.25,17.1166666666667,59.1166666666667
"6","Wildtype","6_E_4","10 cps",1299.05491,178851.179960737,41.0833333333333,71.05,9.4354628220265,14.9166666666667,63.1333333333333,5.11428571428571,35,312.558037108609,13.3,7.7,26.9833333333333,52.0166666666667
"6","Wildtype","6_E_4","20 cps",1189.40120229962,74548.6803476705,23.6460589901683,74.0043326112315,18.9765293420916,6.88218630228295,72.4212631228129,4.04901960784314,20.3966005665722,195.371345309331,16.2472921179803,8.01533077820363,38.8101983002833,36.9271788035327
"6","Wildtype","6_E_5","0 cps",1276.52358,73803.1905361825,38.760206632228,38.760206632228,22.0791599720494,15.9640059990002,NA,20.3829787234043,9.39843359440093,681.138792294166,11.5833333333333,16.8,29.0333333333333,42.5833333333333
"6","Wildtype","6_E_5","10 cps",1259.28522783333,170617.238729232,39.7,69.3666666666667,9.2944845248369,13.3166666666667,63.05,5.0251572327044,31.8,277.990290961959,14.6666666666667,10.45,27.8166666666667,47.0666666666667
"6","Wildtype","6_E_5","20 cps",1238.98723129478,75766.9137129343,23.1294784202633,76.3039493417764,20.260682190747,7.21546408931845,74.5042492917847,4.4639175257732,19.3967672054658,235.854798431227,19.3134477587069,7.14880853191135,18.3802699550075,55.1574737543743
